-- phpMyAdmin SQL Dump
-- version 5.2.1
-- https://www.phpmyadmin.net/
--
-- Host: 127.0.0.1
-- Generation Time: Apr 06, 2026 at 06:29 PM
-- Server version: 10.4.32-MariaDB
-- PHP Version: 8.2.12

SET SQL_MODE = "NO_AUTO_VALUE_ON_ZERO";
START TRANSACTION;
SET time_zone = "+00:00";


/*!40101 SET @OLD_CHARACTER_SET_CLIENT=@@CHARACTER_SET_CLIENT */;
/*!40101 SET @OLD_CHARACTER_SET_RESULTS=@@CHARACTER_SET_RESULTS */;
/*!40101 SET @OLD_COLLATION_CONNECTION=@@COLLATION_CONNECTION */;
/*!40101 SET NAMES utf8mb4 */;

--
-- Database: `pengaduan_db`
--

-- --------------------------------------------------------

--
-- Table structure for table `desa`
--

CREATE TABLE `desa` (
  `id` varchar(20) NOT NULL,
  `kecamatan_id` varchar(20) DEFAULT NULL,
  `nama` varchar(100) DEFAULT NULL
) ENGINE=InnoDB DEFAULT CHARSET=utf8mb4 COLLATE=utf8mb4_general_ci;

--
-- Dumping data for table `desa`
--

INSERT INTO `desa` (`id`, `kecamatan_id`, `nama`) VALUES
('3209010008', '3209010', 'WALED DESA'),
('3209010009', '3209010', 'WALED KOTA'),
('3209010010', '3209010', 'MEKARSARI'),
('3209010011', '3209010', 'WALED ASEM'),
('3209010012', '3209010', 'AMBIT'),
('3209010013', '3209010', 'CIUYAH'),
('3209010014', '3209010', 'GUNUNGSARI'),
('3209010015', '3209010', 'KARANGSARI'),
('3209010016', '3209010', 'CIKULAK KIDUL'),
('3209010017', '3209010', 'CIKULAK'),
('3209010018', '3209010', 'CIBOGO'),
('3209010019', '3209010', 'CISAAT'),
('3209011001', '3209011', 'TONJONG'),
('3209011002', '3209011', 'TANJUNG ANOM'),
('3209011003', '3209011', 'CILENGKRANG GIRANG'),
('3209011004', '3209011', 'CILENGKRANG'),
('3209011005', '3209011', 'PASALEMAN'),
('3209011006', '3209011', 'CIGOBANGWANGI'),
('3209011007', '3209011', 'CIGOBANG'),
('3209020008', '3209020', 'LEUWEUNGGAJAH'),
('3209020009', '3209020', 'TENJOMAYA'),
('3209020010', '3209020', 'DAMARGUNA'),
('3209020011', '3209020', 'JATISEENG'),
('3209020012', '3209020', 'JATISEENG KIDUL'),
('3209020013', '3209020', 'CILEDUG KULON'),
('3209020014', '3209020', 'CILEDUG WETAN'),
('3209020015', '3209020', 'CILEDUG LOR'),
('3209020016', '3209020', 'CILEDUG TENGAH'),
('3209020017', '3209020', 'BOJONGNEGARA'),
('3209021001', '3209021', 'SUKADANA'),
('3209021002', '3209021', 'PABUARAN KIDUL'),
('3209021003', '3209021', 'PABUARAN WETAN'),
('3209021004', '3209021', 'PABUARAN LOR'),
('3209021005', '3209021', 'JATIRENGGANG'),
('3209021006', '3209021', 'HULUBANTENG'),
('3209021007', '3209021', 'HULUBANTENG LOR'),
('3209030009', '3209030', 'ASTANALANGGAR'),
('3209030010', '3209030', 'BARISAN'),
('3209030011', '3209030', 'LOSARI KIDUL'),
('3209030012', '3209030', 'PANGGANGSARI'),
('3209030013', '3209030', 'LOSARI LOR'),
('3209030014', '3209030', 'MULYASARI'),
('3209030015', '3209030', 'KALIRAHAYU'),
('3209030016', '3209030', 'KALISARI'),
('3209030017', '3209030', 'AMBULU'),
('3209030018', '3209030', 'TAWANGSARI'),
('3209031001', '3209031', 'BABAKAN LOSARI'),
('3209031002', '3209031', 'SIDARESMI'),
('3209031003', '3209031', 'KALIBUNTU'),
('3209031004', '3209031', 'DUKUHWIDARA'),
('3209031005', '3209031', 'PASURUAN'),
('3209031006', '3209031', 'KALIMUKTI'),
('3209031007', '3209031', 'PABEDILAN KALER'),
('3209031008', '3209031', 'BABAKAN LOSARI LOR'),
('3209031009', '3209031', 'PABEDILAN KIDUL'),
('3209031010', '3209031', 'PABEDILAN KULON'),
('3209031011', '3209031', 'PABEDILAN WETAN'),
('3209031012', '3209031', 'TERSANA'),
('3209031013', '3209031', 'SILIHASIH'),
('3209040001', '3209040', 'CANGKUANG'),
('3209040002', '3209040', 'SERANG WETAN'),
('3209040003', '3209040', 'BOJONGGEBANG'),
('3209040004', '3209040', 'KUDUKERAS'),
('3209040005', '3209040', 'SUMBER KIDUL'),
('3209040006', '3209040', 'KUDUMULYA'),
('3209040007', '3209040', 'SUMBER LOR'),
('3209040008', '3209040', 'BABAKAN'),
('3209040009', '3209040', 'PAKUSAMBEN'),
('3209040010', '3209040', 'KARANGWANGUN'),
('3209040011', '3209040', 'BABAKAN GEBANG'),
('3209040012', '3209040', 'GEMBONGAN'),
('3209040013', '3209040', 'SERANG KULON'),
('3209040014', '3209040', 'GEMBONGAN MEKAR'),
('3209041001', '3209041', 'DOMPYONG KULON'),
('3209041002', '3209041', 'DOMPYONG WETAN'),
('3209041003', '3209041', 'KALIMEKAR'),
('3209041004', '3209041', 'KALIMARO'),
('3209041005', '3209041', 'GAGASARI'),
('3209041006', '3209041', 'KALIPASUNG'),
('3209041007', '3209041', 'GEBANG KULON'),
('3209041008', '3209041', 'GEBANG'),
('3209041009', '3209041', 'GEBANG UDIK'),
('3209041010', '3209041', 'GEBANG ILIR'),
('3209041011', '3209041', 'GEBANG MEKAR'),
('3209041012', '3209041', 'PELAYANGAN'),
('3209041013', '3209041', 'MELAKASARI'),
('3209050008', '3209050', 'TAMBELANG'),
('3209050015', '3209050', 'KARANGSUWUNG'),
('3209050016', '3209050', 'KARANGTENGAH'),
('3209050017', '3209050', 'KALIMEANG'),
('3209050018', '3209050', 'KARANGMALANG'),
('3209050019', '3209050', 'KARANGMEKAR'),
('3209050020', '3209050', 'KUBANGKARANG'),
('3209050021', '3209050', 'KARANGSEMBUNG'),
('3209051001', '3209051', 'SEUSEUPAN'),
('3209051002', '3209051', 'SUMURKONDANG'),
('3209051003', '3209051', 'JATIPIRING'),
('3209051004', '3209051', 'KUBANGDELEG'),
('3209051005', '3209051', 'KARANGANYAR'),
('3209051006', '3209051', 'KARANGWANGI'),
('3209051008', '3209051', 'KARANGWARENG'),
('3209051009', '3209051', 'KARANGASEM'),
('3209060005', '3209060', 'PICUNGPUGUR'),
('3209060006', '3209060', 'LEUWIDINGDING'),
('3209060007', '3209060', 'ASEM'),
('3209060013', '3209060', 'CIPEUJEUH KULON'),
('3209060014', '3209060', 'SINDANGLAUT'),
('3209060015', '3209060', 'CIPEUJEUH WETAN'),
('3209060016', '3209060', 'LEMAHABANG KULON'),
('3209060017', '3209060', 'LEMAHABANG'),
('3209060018', '3209060', 'SIGONG'),
('3209060019', '3209060', 'SARAJAYA'),
('3209060020', '3209060', 'TUK KARANGSUWUNG'),
('3209060021', '3209060', 'BELAWA'),
('3209060022', '3209060', 'WANGKELANG'),
('3209061001', '3209061', 'KARANGMANGU'),
('3209061002', '3209061', 'KALIGAWE'),
('3209061003', '3209061', 'KALIGAWE WETAN'),
('3209061004', '3209061', 'CURUG WETAN'),
('3209061006', '3209061', 'WILULANG'),
('3209061007', '3209061', 'SUSUKAN AGUNG'),
('3209061008', '3209061', 'SUSUKAN LEBAK'),
('3209061009', '3209061', 'SUSUKAN TONGGOH'),
('3209061010', '3209061', 'SAMPIH'),
('3209061011', '3209061', 'PASAWAHAN'),
('3209061012', '3209061', 'CIAWI ASIH'),
('3209061013', '3209061', 'CIAWIJAPURA'),
('3209070001', '3209070', 'KARANGWUNI'),
('3209070002', '3209070', 'SEDONG KIDUL'),
('3209070003', '3209070', 'SEDONG LOR'),
('3209070004', '3209070', 'WINDUJAYA'),
('3209070005', '3209070', 'WINDUHAJI'),
('3209070006', '3209070', 'KERTAWANGUN'),
('3209070007', '3209070', 'PANAMBANGAN'),
('3209070008', '3209070', 'PUTAT'),
('3209070009', '3209070', 'PANONGAN'),
('3209070010', '3209070', 'PANONGAN LOR'),
('3209080005', '3209080', 'SIDAMULYA'),
('3209080006', '3209080', 'MERTAPADA KULON'),
('3209080007', '3209080', 'MERTAPADA WETAN'),
('3209080009', '3209080', 'KANCI KULON'),
('3209080010', '3209080', 'KANCI'),
('3209080011', '3209080', 'ASTANAJAPURA'),
('3209080015', '3209080', 'KENDAL'),
('3209080016', '3209080', 'JAPURA KIDUL'),
('3209080017', '3209080', 'JAPURABAKTI'),
('3209081001', '3209081', 'ASTANAMUKTI'),
('3209081002', '3209081', 'PENGARENGAN'),
('3209081003', '3209081', 'JAPURA LOR'),
('3209081004', '3209081', 'BERINGIN'),
('3209081005', '3209081', 'RAWAURIP'),
('3209081006', '3209081', 'BENDUNGAN'),
('3209081007', '3209081', 'PANGENAN'),
('3209081008', '3209081', 'GETRAKMOYAN'),
('3209090001', '3209090', 'SETUPATOK'),
('3209090003', '3209090', 'MUNDU MESIGIT'),
('3209090005', '3209090', 'WARUDUWUR'),
('3209090006', '3209090', 'CITEMU'),
('3209090007', '3209090', 'BANDENGAN'),
('3209090008', '3209090', 'MUNDU PESISIR'),
('3209090009', '3209090', 'SUCI'),
('3209090010', '3209090', 'BANJARWANGUNAN'),
('3209090011', '3209090', 'PAMENGKANG'),
('3209090012', '3209090', 'SINARANCANG'),
('3209100001', '3209100', 'WANAYASA'),
('3209100002', '3209100', 'SINDANGKASIH'),
('3209100003', '3209100', 'SINDANGHAYU'),
('3209100004', '3209100', 'CIAWIGAJAH'),
('3209100008', '3209100', 'CIKANCAS'),
('3209100009', '3209100', 'HALIMPU'),
('3209100010', '3209100', 'CIPINANG'),
('3209100012', '3209100', 'PATAPAN'),
('3209100013', '3209100', 'KONDANGSARI'),
('3209101001', '3209101', 'GUMULUNG LEBAK'),
('3209101002', '3209101', 'LEBAK MEKAR'),
('3209101003', '3209101', 'GUMULUNG TONGGOH'),
('3209101005', '3209101', 'KAMARANG'),
('3209101007', '3209101', 'KAMARANG LEBAK'),
('3209101014', '3209101', 'DURAJAYA'),
('3209101015', '3209101', 'JATIPANCUR'),
('3209101016', '3209101', 'SINDANG KEMPENG'),
('3209101017', '3209101', 'NANGGELA'),
('3209111001', '3209111', 'SAMPIRAN'),
('3209111002', '3209111', 'CIPERNA'),
('3209111003', '3209111', 'KECOMBERAN'),
('3209111004', '3209111', 'CIREBON GIRANG'),
('3209111005', '3209111', 'KERANDON'),
('3209111006', '3209111', 'WANASABA KIDUL'),
('3209111007', '3209111', 'WANASABA LOR'),
('3209111012', '3209111', 'CEMPAKA'),
('3209111013', '3209111', 'KEPONGPONGAN'),
('3209111014', '3209111', 'KUBANG'),
('3209111015', '3209111', 'SARWADADI'),
('3209120010', '3209120', 'MATANGAJI'),
('3209120011', '3209120', 'SIDAWANGI'),
('3209120014', '3209120', 'BABAKAN'),
('3209120016', '3209120', 'PERBUTULAN'),
('3209120017', '3209120', 'KEMANTREN'),
('3209120018', '3209120', 'SENDANG'),
('3209120020', '3209120', 'PEJAMBON'),
('3209120021', '3209120', 'WATUBELAH'),
('3209120022', '3209120', 'PASALAKAN'),
('3209120023', '3209120', 'KALIWADAS'),
('3209120024', '3209120', 'TUKMUDAL'),
('3209120025', '3209120', 'KENANGA'),
('3209121001', '3209121', 'BOBOS'),
('3209121002', '3209121', 'CIKALAHANG'),
('3209121003', '3209121', 'MANDALA'),
('3209121004', '3209121', 'CISAAT'),
('3209121005', '3209121', 'SINDANGJAWA'),
('3209121006', '3209121', 'SINDANGMEKAR'),
('3209121007', '3209121', 'CANGKOAK'),
('3209121008', '3209121', 'KEPUNDUAN'),
('3209121009', '3209121', 'BALAD'),
('3209121010', '3209121', 'DUKUPUNTANG'),
('3209121011', '3209121', 'CIPANAS'),
('3209121012', '3209121', 'GIRINATA'),
('3209121013', '3209121', 'KEDONGDONG KIDUL'),
('3209130006', '3209130', 'CILUKRAK'),
('3209130007', '3209130', 'BALERANTE'),
('3209130008', '3209130', 'PANONGAN'),
('3209130009', '3209130', 'BEBERAN'),
('3209130010', '3209130', 'SEMPLO'),
('3209130011', '3209130', 'PALIMANAN TIMUR'),
('3209130014', '3209130', 'PEGAGAN'),
('3209130015', '3209130', 'LUNGBENDA'),
('3209130016', '3209130', 'CIAWI'),
('3209130017', '3209130', 'CENGKUANG'),
('3209130018', '3209130', 'TEGALKARANG'),
('3209140006', '3209140', 'CEMPAKA'),
('3209140007', '3209140', 'PAMIJAHAN'),
('3209140017', '3209140', 'LURAH'),
('3209140018', '3209140', 'MARIKANGEN'),
('3209140019', '3209140', 'BODE LOR'),
('3209140020', '3209140', 'BODESARI'),
('3209140021', '3209140', 'GOMBANG'),
('3209140022', '3209140', 'KARANGMULYA'),
('3209140023', '3209140', 'KARANGASEM'),
('3209140024', '3209140', 'PLUMBON'),
('3209140025', '3209140', 'PURBAWINANGUN'),
('3209140026', '3209140', 'KEBAREPAN'),
('3209140027', '3209140', 'PASANGGRAHAN'),
('3209140028', '3209140', 'KEDUNGSANA'),
('3209140029', '3209140', 'DANAMULYA'),
('3209141001', '3209141', 'CIKEDUK'),
('3209141002', '3209141', 'WARUGEDE'),
('3209141003', '3209141', 'KARANGWANGI'),
('3209141004', '3209141', 'GETASAN'),
('3209141006', '3209141', 'KEDUANAN'),
('3209141007', '3209141', 'WARUROYOM'),
('3209141008', '3209141', 'WARUKAWUNG'),
('3209141009', '3209141', 'WARUJAYA'),
('3209141010', '3209141', 'DEPOK'),
('3209141011', '3209141', 'KASUGENGAN KIDUL'),
('3209141012', '3209141', 'KASUGENGAN LOR'),
('3209150005', '3209150', 'KARANGSARI'),
('3209150006', '3209150', 'KERTASARI'),
('3209150007', '3209150', 'MEGU CILIK'),
('3209150009', '3209150', 'SETU WETAN'),
('3209150010', '3209150', 'WERU KIDUL'),
('3209150011', '3209150', 'SETU KULON'),
('3209150012', '3209150', 'TEGALWANGI'),
('3209150015', '3209150', 'WERU LOR'),
('3209151001', '3209151', 'PANEMBAHAN'),
('3209151002', '3209151', 'TRUSMI WETAN'),
('3209151003', '3209151', 'TRUSMI KULON'),
('3209151004', '3209151', 'SARABAU'),
('3209151005', '3209151', 'GAMEL'),
('3209151006', '3209151', 'WOTGALI'),
('3209151007', '3209151', 'KALIWULU'),
('3209151008', '3209151', 'TEGALSARI'),
('3209151009', '3209151', 'CANGKRING'),
('3209151010', '3209151', 'PANGKALAN'),
('3209161001', '3209161', 'PALIR'),
('3209161002', '3209161', 'ASTAPADA'),
('3209161003', '3209161', 'GESIK'),
('3209161004', '3209161', 'KEMLAKAGEDE'),
('3209161005', '3209161', 'DAWUAN'),
('3209161006', '3209161', 'BATEMBAT'),
('3209161007', '3209161', 'KALIBARU'),
('3209161008', '3209161', 'KALITENGAH'),
('3209162001', '3209162', 'KALIKOA'),
('3209162002', '3209162', 'KEDUNGDAWA'),
('3209162004', '3209162', 'KEDUNGJAYA'),
('3209162005', '3209162', 'KEDAWUNG'),
('3209162006', '3209162', 'KERTAWINANGUN'),
('3209162007', '3209162', 'SUTAWINANGUN'),
('3209162008', '3209162', 'PILANGSARI'),
('3209171001', '3209171', 'ADIDHARMA'),
('3209171002', '3209171', 'PASINDANGAN'),
('3209171003', '3209171', 'JADIMULYA'),
('3209171004', '3209171', 'KLAYAN'),
('3209171005', '3209171', 'JATIMERTA'),
('3209171006', '3209171', 'ASTANA'),
('3209171007', '3209171', 'KALISAPU'),
('3209171008', '3209171', 'WANAKAYA'),
('3209171009', '3209171', 'GROGOL'),
('3209171010', '3209171', 'BABADAN'),
('3209171012', '3209171', 'MAYUNG'),
('3209171013', '3209171', 'SAMBENG'),
('3209171014', '3209171', 'SIRNABAYA'),
('3209171015', '3209171', 'MERTASINGA'),
('3209180010', '3209180', 'BUNGKO'),
('3209180011', '3209180', 'KERTASURA'),
('3209180012', '3209180', 'PEGAGAN KIDUL'),
('3209180015', '3209180', 'PEGAGAN LOR'),
('3209180017', '3209180', 'KARANGKENDAL'),
('3209180018', '3209180', 'GROGOL'),
('3209180020', '3209180', 'KAPETAKAN'),
('3209180021', '3209180', 'BUNGKO LOR'),
('3209181001', '3209181', 'SURANENGGALA KULON'),
('3209181002', '3209181', 'SURAKARTA'),
('3209181003', '3209181', 'KERATON'),
('3209181004', '3209181', 'PURWAWINANGUN'),
('3209181005', '3209181', 'MUARA'),
('3209181006', '3209181', 'KARANGREJA'),
('3209181007', '3209181', 'SURANENGGALA KIDUL'),
('3209181008', '3209181', 'SURANENGGALA LOR'),
('3209181009', '3209181', 'SURANENGGALA'),
('3209190001', '3209190', 'SERANG'),
('3209190002', '3209190', 'KLANGENAN'),
('3209190003', '3209190', 'DANAWINANGUN'),
('3209190007', '3209190', 'PEKANTINGAN'),
('3209190008', '3209190', 'JEMARAS KIDUL'),
('3209190009', '3209190', 'JEMARAS LOR'),
('3209190011', '3209190', 'SLANGIT'),
('3209190012', '3209190', 'KREYO'),
('3209190013', '3209190', 'BANGODUA'),
('3209191004', '3209191', 'JAMBLANG'),
('3209191005', '3209191', 'SITIWINANGUN'),
('3209191006', '3209191', 'WANGUNHARJA'),
('3209191014', '3209191', 'BOJONG WETAN'),
('3209191015', '3209191', 'BOJONG LOR'),
('3209191016', '3209191', 'ORIMALANG'),
('3209191017', '3209191', 'BAKUNG KIDUL'),
('3209191018', '3209191', 'BAKUNG LOR'),
('3209200002', '3209200', 'JUNGJANG WETAN'),
('3209200010', '3209200', 'JUNGJANG'),
('3209200011', '3209200', 'ARJAWINANGUN'),
('3209200012', '3209200', 'TEGALGUBUG'),
('3209200013', '3209200', 'RAWAGATEL'),
('3209200014', '3209200', 'TEGALGUBUG LOR'),
('3209200015', '3209200', 'KARANGSAMBUNG'),
('3209200016', '3209200', 'BULAK'),
('3209200017', '3209200', 'GEYONGAN'),
('3209200018', '3209200', 'KEBONTURI'),
('3209201001', '3209201', 'KALIANYAR'),
('3209201002', '3209201', 'PANGURAGAN KULON'),
('3209201003', '3209201', 'PANGURAGAN WETAN'),
('3209201004', '3209201', 'PANGURAGAN LOR'),
('3209201005', '3209201', 'PANGURAGAN'),
('3209201007', '3209201', 'LEMAHTAMBA'),
('3209201008', '3209201', 'KARANGANYAR'),
('3209201009', '3209201', 'KROYA'),
('3209210004', '3209210', 'CIWARINGIN'),
('3209210005', '3209210', 'BABAKAN'),
('3209210007', '3209210', 'GINTUNGRANJENG'),
('3209210008', '3209210', 'GINTUNG KIDUL'),
('3209210009', '3209210', 'GINTUNG TENGAH'),
('3209210010', '3209210', 'BRINGIN'),
('3209210011', '3209210', 'GALAGAMBA'),
('3209211001', '3209211', 'CUPANG'),
('3209211002', '3209211', 'CIKEUSAL'),
('3209211003', '3209211', 'WALAHAR'),
('3209211004', '3209211', 'PALIMANAN BARAT'),
('3209211005', '3209211', 'GEMPOL'),
('3209211008', '3209211', 'WINONG'),
('3209220001', '3209220', 'TANGKIL'),
('3209220002', '3209220', 'WIYONG'),
('3209220003', '3209220', 'KEDONGDONG'),
('3209220004', '3209220', 'GINTUNG LOR'),
('3209220005', '3209220', 'BOJONG KULON'),
('3209220006', '3209220', 'KEJIWAN'),
('3209220007', '3209220', 'SUSUKAN'),
('3209220008', '3209220', 'LUWUNG KENCANA'),
('3209220010', '3209220', 'JATIPURA'),
('3209220011', '3209220', 'UJUNGGEBANG'),
('3209220012', '3209220', 'JATIANOM'),
('3209230007', '3209230', 'BAYALANGU KIDUL'),
('3209230008', '3209230', 'BAYALANGU LOR'),
('3209230009', '3209230', 'KEDUNGDALEM'),
('3209230010', '3209230', 'PANUNGGUL'),
('3209230011', '3209230', 'GEGESIK WETAN'),
('3209230012', '3209230', 'GEGESIK KIDUL'),
('3209230016', '3209230', 'SLENDRA'),
('3209230017', '3209230', 'JAGAPURA KIDUL'),
('3209230018', '3209230', 'GEGESIK LOR'),
('3209230019', '3209230', 'GEGESIK KULON'),
('3209230020', '3209230', 'JAGAPURA WETAN'),
('3209230021', '3209230', 'JAGAPURA KULON'),
('3209230022', '3209230', 'JAGAPURA LOR'),
('3209230023', '3209230', 'SIBUBUT'),
('3209231001', '3209231', 'KALIDERES'),
('3209231002', '3209231', 'PRAJAWINANGUN WETAN'),
('3209231003', '3209231', 'PRAJAWINANGUN KULON'),
('3209231004', '3209231', 'KALIWEDI KIDUL'),
('3209231005', '3209231', 'KALIWEDI LOR'),
('3209231006', '3209231', 'UJUNGSEMI'),
('3209231007', '3209231', 'WARGABINANGUN'),
('3209231008', '3209231', 'GUWA KIDUL'),
('3209231009', '3209231', 'GUWA LOR'),
('3274010001', '3274010', 'ARGASUNYA'),
('3274010002', '3274010', 'KALIJAGA'),
('3274010003', '3274010', 'HARJAMUKTI'),
('3274010004', '3274010', 'KECAPI'),
('3274010005', '3274010', 'LARANGAN'),
('3274020001', '3274020', 'PEGAMBIRAN'),
('3274020002', '3274020', 'KESEPUHAN'),
('3274020003', '3274020', 'LEMAHWUNGKUK'),
('3274020004', '3274020', 'PANJUNAN'),
('3274030001', '3274030', 'JAGASATRU'),
('3274030002', '3274030', 'PULASAREN'),
('3274030003', '3274030', 'PEKALIPAN'),
('3274030004', '3274030', 'PEKALANGAN'),
('3274040001', '3274040', 'KARYAMULYA'),
('3274040002', '3274040', 'SUNYARAGI'),
('3274040003', '3274040', 'DRAJAT'),
('3274040004', '3274040', 'KESAMBI'),
('3274040005', '3274040', 'PEKIRINGAN'),
('3274050001', '3274050', 'KEJAKSAN'),
('3274050002', '3274050', 'KEBONBARU'),
('3274050003', '3274050', 'SUKAPURA');

-- --------------------------------------------------------

--
-- Table structure for table `kecamatan`
--

CREATE TABLE `kecamatan` (
  `id` varchar(20) NOT NULL,
  `nama` varchar(100) DEFAULT NULL
) ENGINE=InnoDB DEFAULT CHARSET=utf8mb4 COLLATE=utf8mb4_general_ci;

--
-- Dumping data for table `kecamatan`
--

INSERT INTO `kecamatan` (`id`, `nama`) VALUES
('3209010', 'WALED'),
('3209011', 'PASALEMAN'),
('3209020', 'CILEDUG'),
('3209021', 'PABUARAN'),
('3209030', 'LOSARI'),
('3209031', 'PABEDILAN'),
('3209040', 'BABAKAN'),
('3209041', 'GEBANG'),
('3209050', 'KARANGSEMBUNG'),
('3209051', 'KARANGWARENG'),
('3209060', 'LEMAHABANG'),
('3209061', 'SUSUKANLEBAK'),
('3209070', 'SEDONG'),
('3209080', 'ASTANAJAPURA'),
('3209081', 'PANGENAN'),
('3209090', 'MUNDU'),
('3209100', 'BEBER'),
('3209101', 'GREGED'),
('3209111', 'TALUN'),
('3209120', 'SUMBER'),
('3209121', 'DUKUPUNTANG'),
('3209130', 'PALIMANAN'),
('3209140', 'PLUMBON'),
('3209141', 'DEPOK'),
('3209150', 'WERU'),
('3209151', 'PLERED'),
('3209161', 'TENGAH TANI'),
('3209162', 'KEDAWUNG'),
('3209171', 'GUNUNGJATI'),
('3209180', 'KAPETAKAN'),
('3209181', 'SURANENGGALA'),
('3209190', 'KLANGENAN'),
('3209191', 'JAMBLANG'),
('3209200', 'ARJAWINANGUN'),
('3209201', 'PANGURAGAN'),
('3209210', 'CIWARINGIN'),
('3209211', 'GEMPOL'),
('3209220', 'SUSUKAN'),
('3209230', 'GEGESIK'),
('3209231', 'KALIWEDI'),
('3274010', 'HARJAMUKTI'),
('3274020', 'LEMAHWUNGKUK'),
('3274030', 'PEKALIPAN'),
('3274040', 'KESAMBI'),
('3274050', 'KEJAKSAN');

-- --------------------------------------------------------

--
-- Table structure for table `komentar`
--

CREATE TABLE `komentar` (
  `id` int(11) NOT NULL,
  `pengaduan_id` int(11) DEFAULT NULL,
  `komentar` text DEFAULT NULL,
  `tanggal` datetime DEFAULT NULL,
  `role` enum('admin','user') DEFAULT 'admin'
) ENGINE=InnoDB DEFAULT CHARSET=utf8mb4 COLLATE=utf8mb4_general_ci;

--
-- Dumping data for table `komentar`
--

INSERT INTO `komentar` (`id`, `pengaduan_id`, `komentar`, `tanggal`, `role`) VALUES
(1, 7, 'sedang diproses ya kak mohon tunggu', '2026-04-04 16:34:41', 'admin'),
(3, 7, 'baikkak', '2026-04-04 16:45:50', 'user'),
(4, 6, 'sedang diproses ya kak', '2026-04-04 16:49:57', 'admin'),
(5, 3, 'sudah selesai ya kak', '2026-04-04 16:51:39', 'admin'),
(6, 3, 'sudah ya kak', '2026-04-04 16:54:27', 'admin'),
(7, 3, 'sudah ya', '2026-04-04 16:55:33', 'admin'),
(8, 3, 'sudah', '2026-04-04 16:58:10', 'admin'),
(9, 3, 'baikkak', '2026-04-04 18:27:58', 'user'),
(10, 5, 'diproses ya kak', '2026-04-05 18:31:31', 'admin'),
(11, 5, 'proses ya kak', '2026-04-05 18:35:27', 'admin'),
(19, 7, 'baik kak', '2026-04-06 00:30:57', 'user'),
(20, 7, 'tes', '2026-04-06 00:31:59', 'admin'),
(21, 1, 'tes', '2026-04-06 00:32:31', 'admin'),
(22, 2, 'tes', '2026-04-06 00:36:31', 'admin'),
(23, 7, 'tes juga min', '2026-04-06 00:36:57', 'user'),
(24, 7, 'oke der', '2026-04-06 08:14:35', 'admin');

-- --------------------------------------------------------

--
-- Table structure for table `pengaduan`
--

CREATE TABLE `pengaduan` (
  `id` int(11) NOT NULL,
  `user_id` int(11) DEFAULT NULL,
  `judul` varchar(255) DEFAULT NULL,
  `isi` text DEFAULT NULL,
  `bukti` varchar(255) DEFAULT NULL,
  `status` enum('pending','ditinjau','diproses','selesai') DEFAULT 'pending',
  `tanggal` timestamp NOT NULL DEFAULT current_timestamp(),
  `kategori` varchar(100) DEFAULT NULL,
  `kecamatan` varchar(100) DEFAULT NULL,
  `desa` varchar(100) DEFAULT NULL
) ENGINE=InnoDB DEFAULT CHARSET=utf8mb4 COLLATE=utf8mb4_general_ci;

--
-- Dumping data for table `pengaduan`
--

INSERT INTO `pengaduan` (`id`, `user_id`, `judul`, `isi`, `bukti`, `status`, `tanggal`, `kategori`, `kecamatan`, `desa`) VALUES
(1, 1, 'Jalan Rusak', 'Jalan di depan rumah rusak parah', 'jalan.jpg', 'selesai', '2026-04-03 22:50:28', 'Infrastruktur', '3209120', '3209120024'),
(2, 1, 'Lampu Mati', 'Lampu jalan tidak menyala', 'lampu.jpg', 'diproses', '2026-04-03 22:50:28', 'Listrik', '3209111', '3209111002'),
(3, 1, 'Sampah Menumpuk', 'Sampah tidak diangkut', 'sampah.jpg', 'selesai', '2026-04-03 22:50:28', 'Lingkungan', '3209120', '3209120021'),
(4, 2, 'tes', 'tes', '1775257282_286.jpg', 'diproses', '2026-04-03 23:01:22', 'Lainnya', '3209150', '3209150011'),
(5, 2, 'tes2', 'tes', '1775259139_777.png', 'selesai', '2026-04-03 23:32:19', 'Lainnya', '3209162', '3209162001'),
(6, 2, 'tes3', 'tes', '1775259203_201.jpg', 'selesai', '2026-04-03 23:33:23', 'Lainnya', '3209140', '3209140024'),
(10, 2, 'tes4', 'tse ke 4', '1775482087_916.jpg', 'pending', '2026-04-06 13:28:07', 'Infrastruktur', '3209191', '3209191004');

-- --------------------------------------------------------

--
-- Table structure for table `riwayat_status`
--

CREATE TABLE `riwayat_status` (
  `id` int(11) NOT NULL,
  `pengaduan_id` int(11) DEFAULT NULL,
  `status` varchar(20) DEFAULT NULL,
  `tanggal` datetime DEFAULT current_timestamp()
) ENGINE=InnoDB DEFAULT CHARSET=utf8mb4 COLLATE=utf8mb4_general_ci;

--
-- Dumping data for table `riwayat_status`
--

INSERT INTO `riwayat_status` (`id`, `pengaduan_id`, `status`, `tanggal`) VALUES
(1, 1, 'ditinjau', '2026-04-06 19:51:02'),
(2, 1, 'diproses', '2026-04-06 19:53:30'),
(3, 1, 'selesai', '2026-04-06 19:54:30'),
(4, 4, 'diproses', '2026-04-06 20:04:15'),
(5, 6, 'selesai', '2026-04-06 20:04:29'),
(6, 5, 'selesai', '2026-04-06 20:04:37'),
(7, 10, 'pending', '2026-04-06 20:28:07');

-- --------------------------------------------------------

--
-- Table structure for table `users`
--

CREATE TABLE `users` (
  `id` int(11) NOT NULL,
  `nama` varchar(100) DEFAULT NULL,
  `email` varchar(50) DEFAULT NULL,
  `password` varchar(255) DEFAULT NULL,
  `role` enum('user','admin') DEFAULT 'user',
  `nik` varchar(20) DEFAULT NULL,
  `verified` tinyint(1) DEFAULT 0
) ENGINE=InnoDB DEFAULT CHARSET=utf8mb4 COLLATE=utf8mb4_general_ci;

--
-- Dumping data for table `users`
--

INSERT INTO `users` (`id`, `nama`, `email`, `password`, `role`, `nik`, `verified`) VALUES
(1, 'Administrator', 'admin@gmail.com', '$2y$10$ROJnkbfiyVMIH6UNAYoyWu.FTZ4CSwV3BiXPIlUVvO09/f/pCn2kS', 'admin', NULL, 1),
(2, 'Dani Hidayat', 'dani@gmail.com', '$2y$10$4CdQNcKrt1U3i/LqHQ0sYeExwWA2oWKUxEAwJFKdEZhxpppkIuBIG', 'user', NULL, 1),
(12, 'doni', 'doni@gmail.com', '$2y$10$9fPLCvX396b1Ki1CNJrAqumHbv1QDOSz4SkqiCZ7H4YLuoSFrwIv2', 'user', '3209100601070003', 1);

--
-- Indexes for dumped tables
--

--
-- Indexes for table `desa`
--
ALTER TABLE `desa`
  ADD PRIMARY KEY (`id`);

--
-- Indexes for table `kecamatan`
--
ALTER TABLE `kecamatan`
  ADD PRIMARY KEY (`id`);

--
-- Indexes for table `komentar`
--
ALTER TABLE `komentar`
  ADD PRIMARY KEY (`id`);

--
-- Indexes for table `pengaduan`
--
ALTER TABLE `pengaduan`
  ADD PRIMARY KEY (`id`),
  ADD KEY `user_id` (`user_id`);

--
-- Indexes for table `riwayat_status`
--
ALTER TABLE `riwayat_status`
  ADD PRIMARY KEY (`id`);

--
-- Indexes for table `users`
--
ALTER TABLE `users`
  ADD PRIMARY KEY (`id`),
  ADD UNIQUE KEY `nik` (`nik`),
  ADD UNIQUE KEY `username` (`email`);

--
-- AUTO_INCREMENT for dumped tables
--

--
-- AUTO_INCREMENT for table `komentar`
--
ALTER TABLE `komentar`
  MODIFY `id` int(11) NOT NULL AUTO_INCREMENT, AUTO_INCREMENT=25;

--
-- AUTO_INCREMENT for table `pengaduan`
--
ALTER TABLE `pengaduan`
  MODIFY `id` int(11) NOT NULL AUTO_INCREMENT, AUTO_INCREMENT=11;

--
-- AUTO_INCREMENT for table `riwayat_status`
--
ALTER TABLE `riwayat_status`
  MODIFY `id` int(11) NOT NULL AUTO_INCREMENT, AUTO_INCREMENT=8;

--
-- AUTO_INCREMENT for table `users`
--
ALTER TABLE `users`
  MODIFY `id` int(11) NOT NULL AUTO_INCREMENT, AUTO_INCREMENT=17;

--
-- Constraints for dumped tables
--

--
-- Constraints for table `pengaduan`
--
ALTER TABLE `pengaduan`
  ADD CONSTRAINT `pengaduan_ibfk_1` FOREIGN KEY (`user_id`) REFERENCES `users` (`id`);
COMMIT;

/*!40101 SET CHARACTER_SET_CLIENT=@OLD_CHARACTER_SET_CLIENT */;
/*!40101 SET CHARACTER_SET_RESULTS=@OLD_CHARACTER_SET_RESULTS */;
/*!40101 SET COLLATION_CONNECTION=@OLD_COLLATION_CONNECTION */;
